PC,Proportion.Variance.Explained
1,0.03523496091530961
2,0.010550423687757523
3,0.006044882633137669
4,0.0031691730219231113
5,0.0028707060706369327
6,0.002271338769103168
7,0.0021011574143257254
8,0.00194484597197698
9,0.0018564215479912483
10,0.0018219451921483146
